{"cameraMode":{"drawMode":0,"name":"Shaded","section":"Shading Mode"},"sceneLighting":false,"audioPlay":false,"sceneViewState":{"m_AlwaysRefresh":false,"showFog":true,"showSkybox":false,"showFlares":true,"showImageEffects":true,"showParticleSystems":true,"showVisualEffectGraphs":true,"m_FxEnabled":true},"in2DMode":false,"pivot":{"x":-0.0006582761416211724,"y":0.8406309485435486,"z":0.6320933103561401},"rotation":{"x":0.00009215759200742468,"y":0.9998601078987122,"z":-0.022820444777607919,"w":-0.0174900833517313},"size":0.5542081594467163,"orthographic":false}