{"cameraMode":{"drawMode":0,"name":"Shaded","section":"Shading Mode"},"sceneLighting":false,"audioPlay":false,"sceneViewState":{"m_AlwaysRefresh":false,"showFog":true,"showSkybox":false,"showFlares":true,"showImageEffects":true,"showParticleSystems":true,"showVisualEffectGraphs":true,"m_FxEnabled":true},"in2DMode":false,"pivot":{"x":0.05025661736726761,"y":2.4586174488067629,"z":0.5563984513282776},"rotation":{"x":0.00009215759200742468,"y":0.9998601078987122,"z":-0.022820444777607919,"w":-0.0174900833517313},"size":1.881600260734558,"orthographic":false}