{"cameraMode":{"drawMode":0,"name":"Shaded","section":"Shading Mode"},"sceneLighting":false,"audioPlay":false,"sceneViewState":{"m_AlwaysRefresh":false,"showFog":false,"showSkybox":false,"showFlares":false,"showImageEffects":false,"showParticleSystems":false,"showVisualEffectGraphs":true,"m_FxEnabled":true},"in2DMode":false,"pivot":{"x":-0.00003725290298461914,"y":0.6935819983482361,"z":0.00007906556129455566},"rotation":{"x":0.02207021415233612,"y":-0.9750267267227173,"z":0.11800751090049744,"w":0.18820297718048097},"size":0.9730257391929627,"orthographic":false}