{"cameraMode":{"drawMode":0,"name":"Shaded","section":"Shading Mode"},"sceneLighting":true,"audioPlay":false,"sceneViewState":{"m_AlwaysRefresh":false,"showFog":true,"showSkybox":true,"showFlares":true,"showImageEffects":true,"showParticleSystems":true,"showVisualEffectGraphs":true,"m_FxEnabled":true},"in2DMode":false,"pivot":{"x":-201.41734313964845,"y":-14.270637512207032,"z":5.526885986328125},"rotation":{"x":0.32718393206596377,"y":-0.01919698528945446,"z":0.008514865301549435,"w":0.9450966715812683},"size":39.20275115966797,"orthographic":false}