{"cameraMode":{"drawMode":0,"name":"Shaded","section":"Shading Mode"},"sceneLighting":true,"audioPlay":false,"sceneViewState":{"m_AlwaysRefresh":false,"showFog":true,"showSkybox":true,"showFlares":true,"showImageEffects":true,"showParticleSystems":true,"showVisualEffectGraphs":true,"m_FxEnabled":true},"in2DMode":false,"pivot":{"x":344.1639404296875,"y":197.28253173828126,"z":-54.75898742675781},"rotation":{"x":0.011696351692080498,"y":0.0053122686222195629,"z":-0.0008423109538853169,"w":-1.0001840591430665},"size":223.49949645996095,"orthographic":false}