{"cameraMode":{"drawMode":0,"name":"Shaded","section":"Shading Mode"},"sceneLighting":false,"audioPlay":false,"sceneViewState":{"m_AlwaysRefresh":false,"showFog":true,"showSkybox":false,"showFlares":true,"showImageEffects":true,"showParticleSystems":true,"showVisualEffectGraphs":true,"m_FxEnabled":true},"in2DMode":false,"pivot":{"x":0.06273174285888672,"y":3.8594822883605959,"z":0.4676884710788727},"rotation":{"x":-0.0005233150441199541,"y":-0.999320387840271,"z":-0.04169537499547005,"w":-0.011666851118206978},"size":2.7670514583587648,"orthographic":false}