{"cameraMode":{"drawMode":0,"name":"Shaded","section":"Shading Mode"},"sceneLighting":false,"audioPlay":false,"sceneViewState":{"m_AlwaysRefresh":false,"showFog":true,"showSkybox":false,"showFlares":true,"showImageEffects":true,"showParticleSystems":true,"showVisualEffectGraphs":true,"m_FxEnabled":true},"in2DMode":false,"pivot":{"x":-0.0001837015151977539,"y":0.7058714032173157,"z":-0.04014629125595093},"rotation":{"x":-0.004862596280872822,"y":0.9919686317443848,"z":-0.11992184072732926,"w":-0.04021097719669342},"size":1.1275171041488648,"orthographic":false}