{"cameraMode":{"drawMode":0,"name":"Shaded","section":"Shading Mode"},"sceneLighting":false,"audioPlay":false,"sceneViewState":{"m_AlwaysRefresh":false,"showFog":true,"showSkybox":false,"showFlares":true,"showImageEffects":true,"showParticleSystems":true,"showVisualEffectGraphs":true,"m_FxEnabled":true},"in2DMode":false,"pivot":{"x":-0.10135775059461594,"y":0.6835939884185791,"z":0.04032611474394798},"rotation":{"x":0.051325973123311999,"y":-0.8006330132484436,"z":0.07052625715732575,"w":0.5931934118270874},"size":1.810951828956604,"orthographic":false}