{"cameraMode":{"drawMode":0,"name":"Shaded","section":"Shading Mode"},"sceneLighting":false,"audioPlay":false,"sceneViewState":{"m_AlwaysRefresh":false,"showFog":true,"showSkybox":false,"showFlares":true,"showImageEffects":true,"showParticleSystems":true,"showVisualEffectGraphs":true,"m_FxEnabled":true},"in2DMode":false,"pivot":{"x":0.3734244704246521,"y":2.9071168899536135,"z":-0.1953851282596588},"rotation":{"x":0.0005903604323975742,"y":0.999995231628418,"z":-0.019823353737592698,"w":-0.01150136161595583},"size":1.9767405986785889,"orthographic":false}