{"cameraMode":{"drawMode":0,"name":"Shaded","section":"Shading Mode"},"sceneLighting":false,"audioPlay":false,"sceneViewState":{"m_AlwaysRefresh":false,"showFog":true,"showSkybox":false,"showFlares":true,"showImageEffects":true,"showParticleSystems":true,"showVisualEffectGraphs":true,"m_FxEnabled":true},"in2DMode":false,"pivot":{"x":0.17938977479934693,"y":0.6003789901733398,"z":-0.09944318979978562},"rotation":{"x":0.0005903604323975742,"y":0.999995231628418,"z":-0.019823353737592698,"w":-0.01150136161595583},"size":1.4784530401229859,"orthographic":false}