{"cameraMode":{"drawMode":0,"name":"Shaded","section":"Shading Mode"},"sceneLighting":false,"audioPlay":false,"sceneViewState":{"m_AlwaysRefresh":false,"showFog":true,"showSkybox":false,"showFlares":true,"showImageEffects":true,"showParticleSystems":true,"showVisualEffectGraphs":true,"m_FxEnabled":true},"in2DMode":false,"pivot":{"x":-0.000012516975402832031,"y":0.54739910364151,"z":0.017626583576202394},"rotation":{"x":0.00022364735195878893,"y":0.9946878552436829,"z":-0.10514578968286514,"w":-0.005557916592806578},"size":1.6993122100830079,"orthographic":false}